Workbook

Sheet 貼り付け用

Sheet 子どもマスタ
A1: お子さま | B1: フリガナ | C1: 性別 | D1: 年齢 | E1: 生年月日 | F1: 保護者

Sheet まとめ（登園）
C2: クラス年齢 | D2: 利用区分 | E2: 1 | F2: 2 | G2: 3 | H2: 4 | I2: 5 | J2: 6 | K2: 7 | L2: 8 | M2: 9 | N2: 10 | O2: 11 | P2: 12 | Q2: 13 | R2: 14 | S2: 15 | T2: 16 | U2: 17 | V2: 18 | W2: 19 | X2: 20 | Y2: 21 | Z2: 22 | AA2: 23 | AB2: 24 | AC2: 25 | AD2: 26 | AE2: 27 | AF2: 28 | AG2: 29 | AH2: 30 | AI2: 31

Sheet まとめ（降園）
C2: クラス年齢 | D2: 利用区分 | E2: 1 | F2: 2 | G2: 3 | H2: 4 | I2: 5 | J2: 6 | K2: 7 | L2: 8 | M2: 9 | N2: 10 | O2: 11 | P2: 12 | Q2: 13 | R2: 14 | S2: 15 | T2: 16 | U2: 17 | V2: 18 | W2: 19 | X2: 20 | Y2: 21 | Z2: 22 | AA2: 23 | AB2: 24 | AC2: 25 | AD2: 26 | AE2: 27 | AF2: 28 | AG2: 29 | AH2: 30 | AI2: 31

Sheet CSVフォーム
A1: fo-mu | B1: 氏名カナ | C1: 生年月日 | D1: 未使用 | E1: 未使用 | F1: 日付 | G1: 欠席理由 | H1: 登園時間 | I1: 降園時間
A2: {=IFERROR(INDEX('まとめ（登園）'!$B$3:$B$500,INT((ROW(A1)-1)/DAY(EOMONTH(貼り付け用!$B$2&"1日",0)))+1)&"","")} | B2: =IF(A2<>"",VLOOKUP(A2,子どもマスタ!$A$1:$F$301,2,FALSE),"") | C2: =IF(A2<>"", TEXT(VALUE(REPLACE(VLOOKUP(A2,子どもマスタ!$A$1:$F$301,5,FALSE), FIND("(",VLOOKUP(A2,子どもマスタ!$A$1:$F$301,5,FALSE)), FIND(")",VLOOKUP(A2,子どもマスタ!$A$1:$F$301,5,FALSE)) -FIND("(",VLOOKUP(A2,子どもマスタ!$A$1:$F$301,5,FALSE))+1,"")),"yyyy/mm/dd"),"") | F2: =IF(A2="","",VALUE(貼り付け用!$B$2&"1日")+MOD(ROW(A1)-1,DAY(EOMONTH(貼り付け用!$B$2&"1日",0)))) | H2: =IF(A2<>"",OFFSET('まとめ（登園）'!$B$1,MATCH(CSVフォーム!A2,'まとめ（登園）'!$B:$B,0)-1,MATCH(DAY(F2),'まとめ（登園）'!$2:$2,0)-2),"") | I2: =IF(A2<>"",OFFSET('まとめ（降園）'!$B$1,MATCH(CSVフォーム!A2,'まとめ（降園）'!$B:$B,0)-1,MATCH(DAY(F2),'まとめ（降園）'!$2:$2,0)-2),"")
A3: {=IFERROR(INDEX('まとめ（登園）'!$B$3:$B$500,INT((ROW(A2)-1)/DAY(EOMONTH(貼り付け用!$B$2&"1日",0)))+1)&"","")} | B3: =IF(A3<>"",VLOOKUP(A3,子どもマスタ!$A$1:$F$301,2,FALSE),"") | C3: =IF(A3<>"", TEXT(VALUE(REPLACE(VLOOKUP(A3,子どもマスタ!$A$1:$F$301,5,FALSE), FIND("(",VLOOKUP(A3,子どもマスタ!$A$1:$F$301,5,FALSE)), FIND(")",VLOOKUP(A3,子どもマスタ!$A$1:$F$301,5,FALSE)) -FIND("(",VLOOKUP(A3,子どもマスタ!$A$1:$F$301,5,FALSE))+1,"")),"yyyy/mm/dd"),"") | F3: =IF(A3="","",VALUE(貼り付け用!$B$2&"1日")+MOD(ROW(A2)-1,DAY(EOMONTH(貼り付け用!$B$2&"1日",0)))) | H3: =IF(A3<>"",OFFSET('まとめ（登園）'!$B$1,MATCH(CSVフォーム!A3,'まとめ（登園）'!$B:$B,0)-1,MATCH(DAY(F3),'まとめ（登園）'!$2:$2,0)-2),"") | I3: =IF(A3<>"",OFFSET('まとめ（降園）'!$B$1,MATCH(CSVフォーム!A3,'まとめ（降園）'!$B:$B,0)-1,MATCH(DAY(F3),'まとめ（降園）'!$2:$2,0)-2),"")
A4: {=IFERROR(INDEX('まとめ（登園）'!$B$3:$B$500,INT((ROW(A3)-1)/DAY(EOMONTH(貼り付け用!$B$2&"1日",0)))+1)&"","")} | B4: =IF(A4<>"",VLOOKUP(A4,子どもマスタ!$A$1:$F$301,2,FALSE),"") | C4: =IF(A4<>"", TEXT(VALUE(REPLACE(VLOOKUP(A4,子どもマスタ!$A$1:$F$301,5,FALSE), FIND("(",VLOOKUP(A4,子どもマスタ!$A$1:$F$301,5,FALSE)), FIND(")",VLOOKUP(A4,子どもマスタ!$A$1:$F$301,5,FALSE)) -FIND("(",VLOOKUP(A4,子どもマスタ!$A$1:$F$301,5,FALSE))+1,"")),"yyyy/mm/dd"),"") | F4: =IF(A4="","",VALUE(貼り付け用!$B$2&"1日")+MOD(ROW(A3)-1,DAY(EOMONTH(貼り付け用!$B$2&"1日",0)))) | H4: =IF(A4<>"",OFFSET('まとめ（登園）'!$B$1,MATCH(CSVフォーム!A4,'まとめ（登園）'!$B:$B,0)-1,MATCH(DAY(F4),'まとめ（登園）'!$2:$2,0)-2),"") | I4: =IF(A4<>"",OFFSET('まとめ（降園）'!$B$1,MATCH(CSVフォーム!A4,'まとめ（降園）'!$B:$B,0)-1,MATCH(DAY(F4),'まとめ（降園）'!$2:$2,0)-2),"")
A5: {=IFERROR(INDEX('まとめ（登園）'!$B$3:$B$500,INT((ROW(A4)-1)/DAY(EOMONTH(貼り付け用!$B$2&"1日",0)))+1)&"","")} | B5: =IF(A5<>"",VLOOKUP(A5,子どもマスタ!$A$1:$F$301,2,FALSE),"") | C5: =IF(A5<>"", TEXT(VALUE(REPLACE(VLOOKUP(A5,子どもマスタ!$A$1:$F$301,5,FALSE), FIND("(",VLOOKUP(A5,子どもマスタ!$A$1:$F$301,5,FALSE)), FIND(")",VLOOKUP(A5,子どもマスタ!$A$1:$F$301,5,FALSE)) -FIND("(",VLOOKUP(A5,子どもマスタ!$A$1:$F$301,5,FALSE))+1,"")),"yyyy/mm/dd"),"") | F5: =IF(A5="","",VALUE(貼り付け用!$B$2&"1日")+MOD(ROW(A4)-1,DAY(EOMONTH(貼り付け用!$B$2&"1日",0)))) | H5: =IF(A5<>"",OFFSET('まとめ（登園）'!$B$1,MATCH(CSVフォーム!A5,'まとめ（登園）'!$B:$B,0)-1,MATCH(DAY(F5),'まとめ（登園）'!$2:$2,0)-2),"") | I5: =IF(A5<>"",OFFSET('まとめ（降園）'!$B$1,MATCH(CSVフォーム!A5,'まとめ（降園）'!$B:$B,0)-1,MATCH(DAY(F5),'まとめ（降園）'!$2:$2,0)-2),"")
A6: {=IFERROR(INDEX('まとめ（登園）'!$B$3:$B$500,INT((ROW(A5)-1)/DAY(EOMONTH(貼り付け用!$B$2&"1日",0)))+1)&"","")} | B6: =IF(A6<>"",VLOOKUP(A6,子どもマスタ!$A$1:$F$301,2,FALSE),"") | C6: =IF(A6<>"", TEXT(VALUE(REPLACE(VLOOKUP(A6,子どもマスタ!$A$1:$F$301,5,FALSE), FIND("(",VLOOKUP(A6,子どもマスタ!$A$1:$F$301,5,FALSE)), FIND(")",VLOOKUP(A6,子どもマスタ!$A$1:$F$301,5,FALSE)) -FIND("(",VLOOKUP(A6,子どもマスタ!$A$1:$F$301,5,FALSE))+1,"")),"yyyy/mm/dd"),"") | F6: =IF(A6="","",VALUE(貼り付け用!$B$2&"1日")+MOD(ROW(A5)-1,DAY(EOMONTH(貼り付け用!$B$2&"1日",0)))) | H6: =IF(A6<>"",OFFSET('まとめ（登園）'!$B$1,MATCH(CSVフォーム!A6,'まとめ（登園）'!$B:$B,0)-1,MATCH(DAY(F6),'まとめ（登園）'!$2:$2,0)-2),"") | I6: =IF(A6<>"",OFFSET('まとめ（降園）'!$B$1,MATCH(CSVフォーム!A6,'まとめ（降園）'!$B:$B,0)-1,MATCH(DAY(F6),'まとめ（降園）'!$2:$2,0)-2),"")
A7: {=IFERROR(INDEX('まとめ（登園）'!$B$3:$B$500,INT((ROW(A6)-1)/DAY(EOMONTH(貼り付け用!$B$2&"1日",0)))+1)&"","")} | B7: =IF(A7<>"",VLOOKUP(A7,子どもマスタ!$A$1:$F$301,2,FALSE),"") | C7: =IF(A7<>"", TEXT(VALUE(REPLACE(VLOOKUP(A7,子どもマスタ!$A$1:$F$301,5,FALSE), FIND("(",VLOOKUP(A7,子どもマスタ!$A$1:$F$301,5,FALSE)), FIND(")",VLOOKUP(A7,子どもマスタ!$A$1:$F$301,5,FALSE)) -FIND("(",VLOOKUP(A7,子どもマスタ!$A$1:$F$301,5,FALSE))+1,"")),"yyyy/mm/dd"),"") | F7: =IF(A7="","",VALUE(貼り付け用!$B$2&"1日")+MOD(ROW(A6)-1,DAY(EOMONTH(貼り付け用!$B$2&"1日",0)))) | H7: =IF(A7<>"",OFFSET('まとめ（登園）'!$B$1,MATCH(CSVフォーム!A7,'まとめ（登園）'!$B:$B,0)-1,MATCH(DAY(F7),'まとめ（登園）'!$2:$2,0)-2),"") | I7: =IF(A7<>"",OFFSET('まとめ（降園）'!$B$1,MATCH(CSVフォーム!A7,'まとめ（降園）'!$B:$B,0)-1,MATCH(DAY(F7),'まとめ（降園）'!$2:$2,0)-2),"")
A8: {=IFERROR(INDEX('まとめ（登園）'!$B$3:$B$500,INT((ROW(A7)-1)/DAY(EOMONTH(貼り付け用!$B$2&"1日",0)))+1)&"","")} | B8: =IF(A8<>"",VLOOKUP(A8,子どもマスタ!$A$1:$F$301,2,FALSE),"") | C8: =IF(A8<>"", TEXT(VALUE(REPLACE(VLOOKUP(A8,子どもマスタ!$A$1:$F$301,5,FALSE), FIND("(",VLOOKUP(A8,子どもマスタ!$A$1:$F$301,5,FALSE)), FIND(")",VLOOKUP(A8,子どもマスタ!$A$1:$F$301,5,FALSE)) -FIND("(",VLOOKUP(A8,子どもマスタ!$A$1:$F$301,5,FALSE))+1,"")),"yyyy/mm/dd"),"") | F8: =IF(A8="","",VALUE(貼り付け用!$B$2&"1日")+MOD(ROW(A7)-1,DAY(EOMONTH(貼り付け用!$B$2&"1日",0)))) | H8: =IF(A8<>"",OFFSET('まとめ（登園）'!$B$1,MATCH(CSVフォーム!A8,'まとめ（登園）'!$B:$B,0)-1,MATCH(DAY(F8),'まとめ（登園）'!$2:$2,0)-2),"") | I8: =IF(A8<>"",OFFSET('まとめ（降園）'!$B$1,MATCH(CSVフォーム!A8,'まとめ（降園）'!$B:$B,0)-1,MATCH(DAY(F8),'まとめ（降園）'!$2:$2,0)-2),"")
A9: {=IFERROR(INDEX('まとめ（登園）'!$B$3:$B$500,INT((ROW(A8)-1)/DAY(EOMONTH(貼り付け用!$B$2&"1日",0)))+1)&"","")} | B9: =IF(A9<>"",VLOOKUP(A9,子どもマスタ!$A$1:$F$301,2,FALSE),"") | C9: =IF(A9<>"", TEXT(VALUE(REPLACE(VLOOKUP(A9,子どもマスタ!$A$1:$F$301,5,FALSE), FIND("(",VLOOKUP(A9,子どもマスタ!$A$1:$F$301,5,FALSE)), FIND(")",VLOOKUP(A9,子どもマスタ!$A$1:$F$301,5,FALSE)) -FIND("(",VLOOKUP(A9,子どもマスタ!$A$1:$F$301,5,FALSE))+1,"")),"yyyy/mm/dd"),"") | F9: =IF(A9="","",VALUE(貼り付け用!$B$2&"1日")+MOD(ROW(A8)-1,DAY(EOMONTH(貼り付け用!$B$2&"1日",0)))) | H9: =IF(A9<>"",OFFSET('まとめ（登園）'!$B$1,MATCH(CSVフォーム!A9,'まとめ（登園）'!$B:$B,0)-1,MATCH(DAY(F9),'まとめ（登園）'!$2:$2,0)-2),"") | I9: =IF(A9<>"",OFFSET('まとめ（降園）'!$B$1,MATCH(CSVフォーム!A9,'まとめ（降園）'!$B:$B,0)-1,MATCH(DAY(F9),'まとめ（降園）'!$2:$2,0)-2),"")
A10: {=IFERROR(INDEX('まとめ（登園）'!$B$3:$B$500,INT((ROW(A9)-1)/DAY(EOMONTH(貼り付け用!$B$2&"1日",0)))+1)&"","")} | B10: =IF(A10<>"",VLOOKUP(A10,子どもマスタ!$A$1:$F$301,2,FALSE),"") | C10: =IF(A10<>"", TEXT(VALUE(REPLACE(VLOOKUP(A10,子どもマスタ!$A$1:$F$301,5,FALSE), FIND("(",VLOOKUP(A10,子どもマスタ!$A$1:$F$301,5,FALSE)), FIND(")",VLOOKUP(A10,子どもマスタ!$A$1:$F$301,5,FALSE)) -FIND("(",VLOOKUP(A10,子どもマスタ!$A$1:$F$301,5,FALSE))+1,"")),"yyyy/mm/dd"),"") | F10: =IF(A10="","",VALUE(貼り付け用!$B$2&"1日")+MOD(ROW(A9)-1,DAY(EOMONTH(貼り付け用!$B$2&"1日",0)))) | H10: =IF(A10<>"",OFFSET('まとめ（登園）'!$B$1,MATCH(CSVフォーム!A10,'まとめ（登園）'!$B:$B,0)-1,MATCH(DAY(F10),'まとめ（登園）'!$2:$2,0)-2),"") | I10: =IF(A10<>"",OFFSET('まとめ（降園）'!$B$1,MATCH(CSVフォーム!A10,'まとめ（降園）'!$B:$B,0)-1,MATCH(DAY(F10),'まとめ（降園）'!$2:$2,0)-2),"")
A11: {=IFERROR(INDEX('まとめ（登園）'!$B$3:$B$500,INT((ROW(A10)-1)/DAY(EOMONTH(貼り付け用!$B$2&"1日",0)))+1)&"","")} | B11: =IF(A11<>"",VLOOKUP(A11,子どもマスタ!$A$1:$F$301,2,FALSE),"") | C11: =IF(A11<>"", TEXT(VALUE(REPLACE(VLOOKUP(A11,子どもマスタ!$A$1:$F$301,5,FALSE), FIND("(",VLOOKUP(A11,子どもマスタ!$A$1:$F$301,5,FALSE)), FIND(")",VLOOKUP(A11,子どもマスタ!$A$1:$F$301,5,FALSE)) -FIND("(",VLOOKUP(A11,子どもマスタ!$A$1:$F$301,5,FALSE))+1,"")),"yyyy/mm/dd"),"") | F11: =IF(A11="","",VALUE(貼り付け用!$B$2&"1日")+MOD(ROW(A10)-1,DAY(EOMONTH(貼り付け用!$B$2&"1日",0)))) | H11: =IF(A11<>"",OFFSET('まとめ（登園）'!$B$1,MATCH(CSVフォーム!A11,'まとめ（登園）'!$B:$B,0)-1,MATCH(DAY(F11),'まとめ（登園）'!$2:$2,0)-2),"") | I11: =IF(A11<>"",OFFSET('まとめ（降園）'!$B$1,MATCH(CSVフォーム!A11,'まとめ（降園）'!$B:$B,0)-1,MATCH(DAY(F11),'まとめ（降園）'!$2:$2,0)-2),"")
A12: {=IFERROR(INDEX('まとめ（登園）'!$B$3:$B$500,INT((ROW(A11)-1)/DAY(EOMONTH(貼り付け用!$B$2&"1日",0)))+1)&"","")} | B12: =IF(A12<>"",VLOOKUP(A12,子どもマスタ!$A$1:$F$301,2,FALSE),"") | C12: =IF(A12<>"", TEXT(VALUE(REPLACE(VLOOKUP(A12,子どもマスタ!$A$1:$F$301,5,FALSE), FIND("(",VLOOKUP(A12,子どもマスタ!$A$1:$F$301,5,FALSE)), FIND(")",VLOOKUP(A12,子どもマスタ!$A$1:$F$301,5,FALSE)) -FIND("(",VLOOKUP(A12,子どもマスタ!$A$1:$F$301,5,FALSE))+1,"")),"yyyy/mm/dd"),"") | F12: =IF(A12="","",VALUE(貼り付け用!$B$2&"1日")+MOD(ROW(A11)-1,DAY(EOMONTH(貼り付け用!$B$2&"1日",0)))) | H12: =IF(A12<>"",OFFSET('まとめ（登園）'!$B$1,MATCH(CSVフォーム!A12,'まとめ（登園）'!$B:$B,0)-1,MATCH(DAY(F12),'まとめ（登園）'!$2:$2,0)-2),"") | I12: =IF(A12<>"",OFFSET('まとめ（降園）'!$B$1,MATCH(CSVフォーム!A12,'まとめ（降園）'!$B:$B,0)-1,MATCH(DAY(F12),'まとめ（降園）'!$2:$2,0)-2),"")
A13: {=IFERROR(INDEX('まとめ（登園）'!$B$3:$B$500,INT((ROW(A12)-1)/DAY(EOMONTH(貼り付け用!$B$2&"1日",0)))+1)&"","")} | B13: =IF(A13<>"",VLOOKUP(A13,子どもマスタ!$A$1:$F$301,2,FALSE),"") | C13: =IF(A13<>"", TEXT(VALUE(REPLACE(VLOOKUP(A13,子どもマスタ!$A$1:$F$301,5,FALSE), FIND("(",VLOOKUP(A13,子どもマスタ!$A$1:$F$301,5,FALSE)), FIND(")",VLOOKUP(A13,子どもマスタ!$A$1:$F$301,5,FALSE)) -FIND("(",VLOOKUP(A13,子どもマスタ!$A$1:$F$301,5,FALSE))+1,"")),"yyyy/mm/dd"),"") | F13: =IF(A13="","",VALUE(貼り付け用!$B$2&"1日")+MOD(ROW(A12)-1,DAY(EOMONTH(貼り付け用!$B$2&"1日",0)))) | H13: =IF(A13<>"",OFFSET('まとめ（登園）'!$B$1,MATCH(CSVフォーム!A13,'まとめ（登園）'!$B:$B,0)-1,MATCH(DAY(F13),'まとめ（登園）'!$2:$2,0)-2),"") | I13: =IF(A13<>"",OFFSET('まとめ（降園）'!$B$1,MATCH(CSVフォーム!A13,'まとめ（降園）'!$B:$B,0)-1,MATCH(DAY(F13),'まとめ（降園）'!$2:$2,0)-2),"")
... A300: {=IFERROR(INDEX('まとめ（登園）'!$B$3:$B$500,INT((ROW(A299)-1)/DAY(EOMONTH(貼り付け用!$B$2&"1日",0)))+1)&"","")} | B300: =IF(A300<>"",VLOOKUP(A300,子どもマスタ!$A$1:$F$301,2,FALSE),"") | C300: =IF(A300<>"", TEXT(VALUE(REPLACE(VLOOKUP(A300,子どもマスタ!$A$1:$F$301,5,FALSE), FIND("(",VLOOKUP(A300,子どもマスタ!$A$1:$F$301,5,FALSE)), FIND(")",VLOOKUP(A300,子どもマスタ!$A$1:$F$301,5,FALSE)) -FIND("(",VLOOKUP(A300,子どもマスタ!$A$1:$F$301,5,FALSE))+1,"")),"yyyy/mm/dd"),"") | F300: =IF(A300="","",VALUE(貼り付け用!$B$2&"1日")+MOD(ROW(A299)-1,DAY(EOMONTH(貼り付け用!$B$2&"1日",0)))) | H300: =IF(A300<>"",OFFSET('まとめ（登園）'!$B$1,MATCH(CSVフォーム!A300,'まとめ（登園）'!$B:$B,0)-1,MATCH(DAY(F300),'まとめ（登園）'!$2:$2,0)-2),"") | I300: =IF(A300<>"",OFFSET('まとめ（降園）'!$B$1,MATCH(CSVフォーム!A300,'まとめ（降園）'!$B:$B,0)-1,MATCH(DAY(F300),'まとめ（降園）'!$2:$2,0)-2),"")
